,City,Lat,Lng,Max Temp,Humidity,Cloudiness,Wind Speed,Country,Date
0,Mataura,-46.19,168.86,39.99,86,82,7.0,NZ,1600193069
1,Atuona,-9.8,-139.03,77.99,76,0,15.77,PF,1600193069
2,Ushuaia,-54.8,-68.3,37.4,74,75,21.92,AR,1600193010
3,Guarujá,-23.99,-46.26,69.01,100,90,3.36,BR,1600193069
4,Kapaa,22.08,-159.32,80.6,74,40,11.41,US,1600192929
5,Bethanien,-26.5,17.16,55.58,38,0,13.15,NA,1600193070
6,Ponta do Sol,32.67,-17.1,75.2,69,20,8.05,PT,1600193070
7,Port Alfred,-33.59,26.89,60.19,71,100,15.14,ZA,1600192957
8,Dikson,73.51,80.55,44.47,94,100,24.63,RU,1600193071
9,Turukhansk,65.82,87.98,50.31,81,53,9.6,RU,1600193071
10,Praia,14.92,-23.51,81.63,76,68,8.99,CV,1600192803
11,Hermanus,-34.42,19.23,48.99,83,31,7.72,ZA,1600193071
12,Rikitea,-23.12,-134.97,73.35,75,2,6.78,PF,1600193071
13,Mackay,-21.15,149.2,68.0,88,75,20.8,AU,1600193071
14,Olafsvik,64.89,-23.71,44.04,70,68,9.31,IS,1600193072
15,Fairbanks,64.84,-147.72,51.01,81,90,5.82,US,1600192800
16,Busselton,-33.65,115.33,52.0,74,57,10.56,AU,1600193072
17,Kaitangata,-46.28,169.85,43.0,58,78,3.0,NZ,1600193072
18,Jamestown,42.1,-79.24,64.99,58,1,6.93,US,1600193073
19,Lorengau,-2.02,147.27,81.88,76,100,7.54,PG,1600193073
20,Constitución,-35.33,-72.42,55.81,79,100,6.42,CL,1600193073
21,Worthington,40.09,-83.02,71.01,52,1,6.93,US,1600192995
22,Narsaq,60.92,-46.05,50.0,37,75,21.92,GL,1600193073
23,Longyearbyen,78.22,15.64,33.8,74,40,2.98,SJ,1600192978
24,Bilibino,68.05,166.44,36.54,83,94,2.39,RU,1600193074
25,Hobart,-42.88,147.33,50.0,66,100,8.05,AU,1600192955
26,Cherskiy,68.75,161.3,39.02,85,100,5.5,RU,1600193074
27,Cape Town,-33.93,18.42,57.99,66,75,9.17,ZA,1600192799
28,Şebinkarahisar,40.29,38.42,57.76,75,7,5.12,TR,1600193074
29,Pevek,69.7,170.31,40.5,88,99,3.87,RU,1600193075
30,São Filipe,14.9,-24.5,80.28,80,47,9.44,CV,1600193075
31,Bubaque,11.28,-15.83,81.25,82,46,15.03,GW,1600193075
32,Castro,-24.79,-50.01,74.26,51,98,8.08,BR,1600193075
33,Saint-Philippe,-21.36,55.77,68.0,68,40,8.05,RE,1600193074
34,Nikolskoye,59.7,30.79,53.01,76,7,4.47,RU,1600193076
35,Faanui,-16.48,-151.75,77.58,79,16,16.91,PF,1600193076
36,Vaini,-21.2,-175.2,71.6,83,40,9.17,TO,1600193076
37,Punta Arenas,-53.15,-70.92,41.0,65,40,20.8,CL,1600192947
38,Torbay,47.67,-52.73,60.01,54,90,20.8,CA,1600192915
39,Yellowknife,62.46,-114.35,30.99,46,20,17.22,CA,1600192887
40,Iisalmi,63.56,27.19,48.2,87,20,1.12,FI,1600193077
41,Birao,10.28,22.79,76.15,83,44,3.53,CF,1600193077
42,Mar del Plata,-38.0,-57.56,62.6,39,0,20.8,AR,1600193077
43,Khatanga,71.97,102.5,49.41,83,100,5.68,RU,1600193078
44,Bainbridge Island,47.63,-122.52,70.0,77,20,3.51,US,1600193078
45,Saint-Pierre,-21.34,55.48,68.0,68,40,8.05,RE,1600193078
46,Avarua,-21.21,-159.78,71.6,83,55,9.17,CK,1600193078
47,Alghero,40.56,8.32,77.0,83,0,5.82,IT,1600193078
48,Barrow,71.29,-156.79,35.6,93,90,23.04,US,1600193079
49,La Motte-Servolex,45.59,5.88,72.0,73,46,3.36,FR,1600193079
50,Dongsheng,39.82,109.98,47.23,52,0,8.3,CN,1600193079
51,Teya,60.38,92.63,47.14,88,94,2.68,RU,1600193079
52,Souillac,-20.52,57.52,66.2,77,75,19.46,MU,1600193080
53,Jumilla,38.48,-1.32,80.01,40,10,5.99,ES,1600193080
54,Solnechnyy,50.72,136.63,51.91,85,84,3.4,RU,1600193080
55,Severo-Kuril'sk,50.68,156.12,51.33,86,51,13.04,RU,1600193081
56,Pangnirtung,66.15,-65.71,41.0,65,40,10.29,CA,1600192899
57,Urusha,54.05,122.9,43.74,87,62,2.75,RU,1600193081
58,Krasnoslobodsk,48.71,44.57,59.0,51,23,6.71,RU,1600193081
59,Mitsamiouli,-11.38,43.28,77.07,74,63,5.3,KM,1600193082
60,Bluff,-46.6,168.33,39.99,86,77,7.0,NZ,1600193082
61,Nanortalik,60.14,-45.24,42.51,85,100,20.58,GL,1600193082
62,Okhotsk,59.38,143.3,48.15,58,20,12.48,RU,1600193083
63,Mersing,2.43,103.84,78.8,94,100,5.82,MY,1600193083
64,Clyde River,70.47,-68.59,37.4,74,90,9.17,CA,1600193083
65,Lakes Entrance,-37.88,147.98,37.0,96,46,3.83,AU,1600193083
66,Albany,42.6,-73.97,63.0,58,90,3.36,US,1600192855
67,Qaqortoq,60.72,-46.03,50.0,37,75,21.92,GL,1600193084
68,Chokurdakh,70.63,147.92,38.35,89,97,8.05,RU,1600193084
69,Norman Wells,65.28,-126.83,39.2,69,20,12.75,CA,1600192899
70,Alofi,-19.06,-169.92,71.6,94,96,11.41,NU,1600193084
71,Asău,46.43,26.4,60.01,82,76,3.2,RO,1600193084
72,Maragogi,-9.01,-35.22,78.15,75,25,11.95,BR,1600192911
73,Naghadeh,36.96,45.39,67.98,38,21,3.36,IR,1600193085
74,Upernavik,72.79,-56.15,28.31,83,0,11.65,GL,1600192958
75,Tasiilaq,65.61,-37.64,35.6,94,90,25.28,GL,1600193085
76,Mashhad,36.3,59.61,69.8,26,0,6.93,IR,1600193085
77,Aklavik,68.22,-135.01,39.2,86,75,11.41,CA,1600193086
78,Hanford,36.33,-119.65,77.0,56,1,2.46,US,1600193086
79,Saint Paul Harbor,57.79,-152.41,53.6,81,90,13.87,US,1600193086
80,Puerto Quijarro,-17.78,-57.77,107.71,14,0,2.75,BO,1600193086
81,Tiksi,71.69,128.87,36.95,91,0,1.43,RU,1600193086
82,Bougouni,11.42,-7.48,83.59,71,7,2.73,ML,1600193087
83,Paamiut,61.99,-49.67,45.97,72,78,34.61,GL,1600193087
84,Kudahuvadhoo,2.67,72.89,82.63,78,99,9.37,MV,1600193087
85,Butaritari,3.07,172.79,83.16,75,50,20.83,KI,1600193087
86,George Town,5.41,100.34,78.8,88,20,4.21,MY,1600192822
87,Puerto Ayora,-0.74,-90.35,75.2,60,40,19.46,EC,1600193088
88,Bindura,-17.3,31.33,66.31,45,47,1.63,ZW,1600193088
89,Lata,40.16,-8.33,79.0,63,59,7.0,PT,1600193088
90,East London,-33.02,27.91,59.0,77,40,5.82,ZA,1600193088
91,Diego de Almagro,-26.37,-70.05,77.92,17,0,13.87,CL,1600193089
92,Maniitsoq,65.42,-52.9,43.43,86,100,17.72,GL,1600193089
93,Orhei,47.38,28.82,71.6,46,3,4.7,MD,1600193089
94,Santo Domingo,18.5,-69.99,91.99,62,40,5.82,DO,1600193089
95,Cidreira,-30.18,-50.21,60.6,67,88,21.32,BR,1600193090
96,Lebu,-37.62,-73.65,54.27,83,99,10.69,CL,1600193090
97,Gizo Government Station,-8.1,156.84,78.67,88,100,9.8,SB,1600193090
98,Mahébourg,-20.41,57.7,66.2,77,75,19.46,MU,1600193090
99,Chui,-33.7,-53.46,59.05,61,37,6.91,UY,1600193091
100,Quelimane,-17.88,36.89,77.0,83,40,25.28,MZ,1600193091
101,Haines Junction,60.75,-137.51,47.84,52,56,1.97,CA,1600193091
102,Kahului,20.89,-156.47,75.99,64,40,6.93,US,1600193091
103,Saint George,37.1,-113.58,87.01,14,1,3.36,US,1600192801
104,Iqaluit,63.75,-68.51,44.6,52,75,20.8,CA,1600192862
105,Hilo,19.73,-155.09,78.01,78,1,5.82,US,1600193092
106,Charleston,32.78,-79.93,82.0,78,90,14.99,US,1600192900
107,Leningradskiy,69.38,178.42,38.93,93,100,10.89,RU,1600193092
108,Bethel,41.37,-73.41,64.0,41,1,3.83,US,1600192842
109,Makakilo City,21.35,-158.09,80.01,78,1,3.36,US,1600193019
110,Asha,55.0,57.27,42.03,95,82,4.52,RU,1600193092
111,Necochea,-38.55,-58.74,66.99,34,0,15.99,AR,1600193093
112,Nexø,55.06,15.13,71.6,73,100,5.82,DK,1600193093
113,Dunedin,-45.87,170.5,45.0,58,31,5.99,NZ,1600192804
114,Hithadhoo,-0.6,73.08,81.72,70,36,6.76,MV,1600193093
115,Klaksvík,62.23,-6.59,48.2,93,55,5.82,FO,1600193094
116,Bambous Virieux,-20.34,57.76,66.2,77,75,19.46,MU,1600193094
117,Thompson,55.74,-97.86,48.2,66,75,13.87,CA,1600192890
118,Ribeira Grande,38.52,-28.7,69.8,52,40,9.17,PT,1600193094
119,Hong Kong,22.29,114.16,82.99,94,52,7.0,HK,1600192919
120,Salé,34.04,-6.82,73.0,83,3,10.29,MA,1600192898
121,Soddy-Daisy,35.24,-85.19,82.0,73,14,3.0,US,1600193095
122,Saskylakh,71.92,114.08,44.19,79,35,5.28,RU,1600193095
123,Mount Gambier,-37.83,140.77,42.8,100,100,9.17,AU,1600193095
124,Iquique,-20.22,-70.14,64.4,63,20,16.11,CL,1600193039
125,Roebourne,-20.78,117.13,76.84,42,61,10.76,AU,1600193095
126,Leer,8.3,30.14,76.78,79,51,2.64,SS,1600193096
127,Kalabo,-14.97,22.68,77.11,18,0,2.98,ZM,1600193096
128,Mehamn,71.04,27.85,44.6,87,75,8.05,NO,1600193096
129,Erzin,36.96,36.2,82.99,79,0,0.58,TR,1600193096
130,Kaeo,-35.1,173.78,48.99,3,6,5.01,NZ,1600193097
131,Burnie,-41.07,145.92,46.99,90,100,7.0,AU,1600193097
132,Coruripe,-10.13,-36.18,78.69,69,53,12.15,BR,1600193097
133,Meulaboh,4.14,96.13,76.98,83,100,3.33,ID,1600193097
134,Almaznyy,48.04,40.05,69.8,46,7,4.47,RU,1600193098
135,Magadan,59.57,150.8,45.57,75,47,7.14,RU,1600192990
136,Nizhniy Baskunchak,48.22,46.83,63.41,49,75,9.13,RU,1600193098
137,Ta Khmau,11.48,104.95,80.6,83,40,1.12,KH,1600192935
138,Marawi,8.0,124.29,75.99,91,100,5.01,PH,1600193098
139,Søvik,65.93,12.47,46.4,87,75,9.17,NO,1600193098
140,Vestmanna,62.16,-7.17,48.2,93,63,5.82,FO,1600193099
141,Nísia Floresta,-6.09,-35.21,86.0,58,20,21.92,BR,1600193099
142,Krasnosel'kup,65.7,82.47,49.96,80,21,11.5,RU,1600193099
143,Lethem,3.38,-59.8,86.63,65,71,6.67,GY,1600193100
144,Deputatsky,69.3,139.9,31.17,98,20,2.64,RU,1600193100
145,Funtua,11.52,7.31,73.33,84,55,4.43,NG,1600193100
146,Portland,45.52,-122.68,70.0,77,90,5.82,US,1600192751
147,Margate,51.38,1.39,73.99,70,74,1.99,GB,1600193100
148,Tuatapere,-46.13,167.68,39.99,86,73,7.0,NZ,1600193101
149,Nizwá,22.93,57.53,86.94,29,88,9.01,OM,1600193101
150,Saint-Joseph,-21.37,55.62,68.0,68,40,8.05,RE,1600193101
151,Daudnagar,25.03,84.4,78.8,94,75,4.68,IN,1600193101
152,Dingli,35.86,14.38,79.0,74,20,16.11,MT,1600193102
153,Ibrā’,22.69,58.53,83.82,35,93,3.38,OM,1600193102
154,Golden,39.76,-105.22,84.99,12,20,3.27,US,1600192939
155,Bennington,42.88,-73.2,61.0,58,1,4.7,US,1600193102
156,Evensk,61.95,159.23,40.24,76,88,3.58,RU,1600193103
157,Carnarvon,-24.87,113.63,68.0,100,0,19.46,AU,1600193103
158,Butembo,0.15,29.28,59.63,100,51,1.1,CD,1600193103
159,Ixtapa,20.7,-105.2,88.0,79,75,5.82,MX,1600193104
160,New Norfolk,-42.78,147.06,48.99,69,100,1.99,AU,1600193104
161,Bredasdorp,-34.53,20.04,53.6,66,24,3.36,ZA,1600193104
162,Pokaran,26.92,71.92,95.47,39,35,10.8,IN,1600193105
163,Bilma,18.69,12.92,98.1,11,0,5.17,NE,1600193105
164,Bengkulu,-3.8,102.27,75.13,91,79,4.74,ID,1600193105
165,Altamont,42.21,-121.74,73.0,34,1,6.11,US,1600193001
166,Malatya Province,38.5,38.0,66.2,23,0,6.93,TR,1600193105
167,Arraial do Cabo,-22.97,-42.03,77.0,78,40,17.22,BR,1600193106
168,Sinnamary,5.38,-52.95,83.43,71,55,7.07,GF,1600193106
169,Urdoma,61.75,48.54,44.62,91,97,6.2,RU,1600193106
170,Manokwari,-0.87,134.08,81.72,70,100,6.85,ID,1600193106
171,Tiznit Province,29.58,-9.5,82.9,28,72,7.25,MA,1600193107
172,Belyy Yar,53.6,91.39,39.2,100,44,1.86,RU,1600193107
173,Santa Vitória do Palmar,-33.52,-53.37,59.25,60,39,6.6,BR,1600193107
174,Alice Springs,-23.7,133.88,69.8,30,90,5.82,AU,1600193107
175,Ishigaki,24.34,124.16,83.93,80,78,12.59,JP,1600193107
176,Tegul'det,57.31,88.17,47.64,95,18,5.5,RU,1600193108
177,Coahuayana Viejo,18.73,-103.68,80.6,78,75,5.86,MX,1600193108
178,Itigi,-5.7,34.48,73.44,38,18,8.61,TZ,1600193109
179,Kloulklubed,7.04,134.26,83.84,74,93,9.55,PW,1600193061
180,Esperance,-33.87,121.9,59.0,100,90,14.99,AU,1600193109
181,Uvira,-3.41,29.15,79.34,47,30,2.53,CD,1600193109
182,Torrington,41.8,-73.12,64.99,49,0,1.01,US,1600193109
183,Port-Gentil,-0.72,8.78,78.8,78,40,18.79,GA,1600193110
184,Itarema,-2.92,-39.92,84.16,58,45,21.27,BR,1600193110
185,Westport,41.14,-73.36,64.99,48,1,8.05,US,1600193110
186,Grand Gaube,-20.01,57.66,64.99,74,67,3.0,MU,1600193110
187,Moreira,41.06,-8.39,75.0,65,74,3.0,PT,1600193111
188,Ribas do Rio Pardo,-20.44,-53.76,101.8,10,2,11.34,BR,1600192862
189,Amapá,1.0,-52.0,95.52,33,31,4.7,BR,1600193111
190,Pochutla,15.74,-96.47,84.0,83,100,3.0,MX,1600193111
191,Isangel,-19.55,169.27,69.28,80,64,14.79,VU,1600193112
192,Yelizovo,53.19,158.38,44.6,81,83,4.47,RU,1600193081
193,Katsuura,35.13,140.3,73.99,88,75,9.17,JP,1600193112
194,Guerrero Negro,27.98,-114.06,85.96,33,0,8.79,MX,1600193112
195,Ballina,-28.87,153.57,55.99,93,40,4.09,AU,1600193113
196,Kargasok,59.06,80.86,47.89,88,0,9.26,RU,1600193113
197,Gaspar,-26.93,-48.96,62.6,67,75,4.7,BR,1600193113
198,Tuktoyaktuk,69.45,-133.04,30.2,92,90,14.99,CA,1600193114
199,Flinders,-34.58,150.86,60.01,87,1,1.01,AU,1600193114
200,Voh,-20.97,164.7,63.88,85,100,5.61,NC,1600193114
201,Qaanaaq,77.48,-69.36,24.82,84,0,5.06,GL,1600193114
202,Neuenhagen,52.53,13.69,82.0,63,43,5.28,DE,1600193115
203,Ouégoa,-20.35,164.43,68.2,78,100,14.23,NC,1600193115
204,Kawalu,-7.38,108.21,66.47,76,28,1.68,ID,1600193115
205,Omsukchan,62.53,155.8,36.21,83,97,3.22,RU,1600193115
206,Komatsu,36.4,136.45,66.2,93,40,3.36,JP,1600193116
207,Taoudenni,22.68,-3.98,109.67,7,16,14.99,ML,1600193116
208,Murchison,-41.8,172.33,39.11,84,73,3.49,NZ,1600193116
209,Port Elizabeth,-33.92,25.57,59.0,72,75,11.41,ZA,1600192934
210,Beyneu,45.32,55.2,62.65,46,46,13.8,KZ,1600193116
211,Kamenka,51.32,42.77,60.01,55,42,11.14,RU,1600193117
212,Huicungo,-7.28,-76.8,92.05,42,89,2.3,PE,1600193117
213,Mossamedes,-15.2,12.15,63.73,82,22,10.4,AO,1600193117
214,Biak,-0.91,122.88,74.77,80,100,5.97,ID,1600193117
215,Barinas,8.62,-70.21,88.93,62,37,5.77,VE,1600193117
216,Aki,33.5,133.9,72.52,80,96,1.7,JP,1600193118
217,Hollister,36.85,-121.4,78.01,72,1,3.53,US,1600193021
218,Nushki,29.55,66.02,80.2,32,99,2.01,PK,1600193118
219,Hasaki,35.73,140.83,70.0,94,40,8.05,JP,1600193118
220,São João de Pirabas,-0.77,-47.18,85.1,65,27,12.97,BR,1600193118
221,Husavik,66.04,-17.34,53.6,54,75,6.93,IS,1600193119
222,Richmond,37.55,-77.46,70.0,56,20,8.05,US,1600193119
223,Mareeba,-17.0,145.43,68.0,94,90,9.17,AU,1600193119
224,Coyhaique,-45.58,-72.07,48.2,36,40,6.93,CL,1600193119
225,Andijan,40.78,72.34,61.0,70,0,5.99,UZ,1600193120
226,Anakapalle,17.68,83.02,82.4,94,75,2.24,IN,1600192930
227,Praia da Vitória,38.73,-27.07,72.0,52,40,18.39,PT,1600193082
228,Half Moon Bay,37.46,-122.43,70.0,77,1,14.99,US,1600193024
229,Charters Towers,-20.1,146.27,58.06,93,0,8.25,AU,1600193120
230,Vanimo,-2.67,141.3,77.85,79,100,3.85,PG,1600193120
231,Tadine,-21.55,167.88,67.68,73,76,15.64,NC,1600193121
232,Menzelinsk,55.73,53.1,46.4,87,40,11.18,RU,1600193121
233,Pangody,65.85,74.49,52.88,78,96,13.69,RU,1600193121
234,Pinega,64.7,43.39,44.01,89,93,9.19,RU,1600193121
235,Cabo San Lucas,22.89,-109.91,90.0,66,5,6.2,MX,1600193122
236,Wundanyi,-3.4,38.36,62.22,93,49,9.53,KE,1600193122
237,Turaif,31.67,38.66,95.0,16,75,5.82,SA,1600193122
238,Quime,-16.98,-67.22,54.77,60,94,6.89,BO,1600193122
239,Moyo,3.66,31.72,67.87,93,51,2.82,UG,1600193123
240,Ibipeba,-11.64,-42.01,88.38,24,74,11.3,BR,1600193123
241,Livny,52.43,37.61,58.66,89,58,11.23,RU,1600193123
242,Tawao,4.25,117.89,77.0,100,40,4.43,MY,1600193123
243,Hanyang,32.14,105.51,63.0,78,100,7.0,CN,1600193124
244,Bayaguana,18.76,-69.64,91.99,62,40,9.17,DO,1600193124
245,Esim,4.87,-2.24,76.01,86,71,11.21,GH,1600193124
246,Fortuna,40.6,-124.16,72.0,68,1,8.05,US,1600193125
247,Geraldton,-28.77,114.6,59.0,93,90,6.93,AU,1600193125
248,Los Llanos de Aridane,28.66,-17.92,77.0,78,75,12.75,ES,1600193125
249,Talcahuano,-36.72,-73.12,53.6,87,75,9.17,CL,1600193125
250,Senanga,-16.12,23.27,75.47,18,0,4.12,ZM,1600193125
251,Nouadhibou,20.93,-17.03,86.0,62,26,11.41,MR,1600193126
252,Datong,40.09,113.29,50.45,47,0,10.4,CN,1600193126
253,Bānswāra,23.55,74.45,78.71,88,100,4.9,IN,1600193126
254,Port Lincoln,-34.73,135.87,55.53,77,100,10.13,AU,1600193127
255,Cananéia,-25.01,-47.93,65.52,72,100,5.1,BR,1600192842
256,Arlit,18.74,7.39,104.04,8,19,20.22,NE,1600193127
257,Palmas,-10.21,-48.36,95.0,23,40,11.41,BR,1600193127
258,Chiredzi,-21.05,31.67,80.85,20,0,6.76,ZW,1600193127
259,San Rafael,-34.62,-68.33,78.15,15,0,6.89,AR,1600192973
260,Conde,-7.26,-34.91,82.4,65,40,16.11,BR,1600193128
261,Cam Ranh,11.92,109.16,86.0,74,20,3.36,VN,1600193128
262,Kamenskiy,50.89,45.49,55.08,61,24,11.65,RU,1600192907
263,Belmonte,-15.86,-38.88,80.6,69,40,14.99,BR,1600193129
264,Talnakh,69.49,88.4,53.6,76,100,13.42,RU,1600193129
265,Pathein,16.78,94.73,78.57,89,93,3.33,MM,1600193129
266,Vangaindrano,-23.35,47.6,69.49,84,80,10.69,MG,1600193130
267,Superior,46.72,-92.1,73.99,60,1,14.99,US,1600193130
268,Fare,-16.7,-151.02,78.46,75,3,16.13,PF,1600193130
269,Atikokan,48.76,-91.62,64.29,65,87,7.85,CA,1600193130
270,Cabedelo,-6.98,-34.83,82.4,65,40,16.11,BR,1600192831
271,Nizhniy Kuranakh,58.84,125.49,42.04,82,100,2.8,RU,1600193131
272,Pomorie,42.56,27.64,73.4,69,1,11.41,BG,1600193131
273,Ambon City,-3.7,128.18,77.88,80,93,10.04,ID,1600193131
274,Badarganj,25.67,89.05,78.33,90,96,3.53,BD,1600193131
275,Kibre Mengist,5.88,38.98,60.75,88,49,1.45,ET,1600193132
276,Kilembe,0.2,30.0,62.35,81,59,4.27,UG,1600193132
277,Nome,64.5,-165.41,50.0,93,90,16.11,US,1600193132
278,Laas,46.62,10.7,66.2,77,5,3.36,IT,1600193132
279,Nuuk,64.18,-51.72,42.8,93,75,10.29,GL,1600192967
280,Airai,-8.93,125.41,53.58,94,21,2.89,TL,1600193133
281,Norden,53.6,7.2,73.4,83,40,2.24,DE,1600193133
282,Shimoda,34.67,138.95,68.0,95,57,1.01,JP,1600193133
283,Sistranda,63.73,8.83,50.0,87,75,6.93,NO,1600193134
284,Pisco,-13.7,-76.22,66.99,77,20,9.17,PE,1600193134
285,San Cristobal,7.77,-72.22,93.2,36,20,13.87,VE,1600193134
286,Gravdal,68.12,13.5,46.4,93,75,11.25,NO,1600193134
287,Dzerzhinsk,56.24,43.46,50.0,76,40,11.18,RU,1600193135
288,Médéa,36.26,2.75,78.8,74,20,8.05,DZ,1600193135
289,Holland,42.79,-86.11,71.01,60,1,11.41,US,1600193135
290,Tshela,-4.98,12.93,76.77,72,95,6.33,CD,1600193135
291,Sharjah city,25.36,55.4,98.6,21,27,3.36,AE,1600193136
292,Sept-Îles,50.2,-66.38,52.0,57,20,14.99,CA,1600193136
293,Tabou,4.42,-7.35,75.92,86,87,11.68,CI,1600193136
294,Port-Cartier,50.03,-66.87,52.0,57,20,14.99,CA,1600193137
295,Chimbote,-9.09,-78.58,65.5,72,72,11.59,PE,1600193075
296,Praia,14.92,-23.51,81.63,76,68,8.99,CV,1600193137
297,Lagoa,39.05,-27.98,65.41,61,10,16.8,PT,1600193137
298,Saint-Louis,16.33,-15.0,98.6,50,12,8.99,SN,1600192927
299,Green River,41.53,-109.47,64.4,27,1,5.82,US,1600192889
300,Parambu,-6.21,-40.69,93.78,24,61,8.88,BR,1600193138
301,Havelock,34.88,-76.9,79.0,57,40,10.29,US,1600193000
302,Yellandu,17.6,80.33,77.2,91,89,2.73,IN,1600193138
303,Luangwa,-15.62,30.42,83.25,25,26,3.69,ZM,1600193138
304,Bandarbeyla,9.49,50.81,81.03,68,6,26.51,SO,1600193138
305,Brae,60.4,-1.35,53.6,93,90,18.34,GB,1600193139
306,Nuevo Ideal,24.89,-105.07,69.51,62,51,7.29,MX,1600193139
307,São José da Coroa Grande,-8.9,-35.15,78.49,74,18,12.19,BR,1600193139
308,Padang,-0.95,100.35,77.97,77,91,2.84,ID,1600192889
309,Acapulco de Juárez,16.86,-99.89,82.4,83,75,5.82,MX,1600192952
310,Toora-Khem,52.47,96.11,40.6,85,48,1.45,RU,1600193139
311,Buala,-8.14,159.59,80.74,78,100,13.73,SB,1600193140
312,Sohag,26.56,31.69,93.2,18,0,6.93,EG,1600193140
313,Zaozyornoye,45.16,33.28,73.67,55,0,8.05,UA,1600193140
314,Winnemucca,40.97,-117.74,68.0,16,75,3.36,US,1600193141
315,Tabas,33.6,56.92,80.6,21,0,4.7,IR,1600192935
316,Micheweni,-4.97,39.83,76.98,83,3,12.08,TZ,1600193141
317,Mindif,10.4,14.44,75.25,88,31,3.98,CM,1600193141
318,Henties Bay,-22.12,14.28,55.99,85,0,5.01,NA,1600193141
319,Alugan,12.22,125.48,79.16,91,100,11.81,PH,1600193142
320,Bathsheba,13.22,-59.52,89.6,70,75,17.22,BB,1600193142
321,San Javier,37.81,-0.84,79.0,78,11,8.05,ES,1600193142
322,La Asuncion,11.03,-63.86,85.68,70,12,12.1,VE,1600193142
323,Zambezi,-13.54,23.1,76.82,29,46,5.93,ZM,1600193144
324,Mamou,10.5,-12.0,77.68,82,31,2.68,GN,1600193144
325,Pozo Colorado,-23.49,-58.8,89.69,34,77,4.43,PY,1600193144
326,Kismayo,-0.36,42.55,77.81,84,8,12.75,SO,1600193144
327,Krasnoarmeysk,51.02,45.7,57.0,46,51,5.99,RU,1600193144
328,Liuzhou,24.31,109.39,79.52,82,27,2.24,CN,1600193145
329,Juneau,58.3,-134.42,46.99,81,75,2.46,US,1600193100
330,Anadyr,64.75,177.48,42.8,100,40,11.18,RU,1600193145
331,Muros,42.78,-9.06,72.0,73,95,7.0,ES,1600193145
332,Departamento de Maldonado,-34.67,-54.92,59.0,54,0,9.17,UY,1600193146
333,Codrington,-38.27,141.97,43.27,91,100,7.29,AU,1600193146
334,San Patricio,19.22,-104.7,86.0,74,75,17.22,MX,1600193146
335,Bartica,6.4,-58.62,89.6,66,75,6.93,GY,1600193146
336,Seymchan,62.88,152.43,38.55,79,65,5.12,RU,1600193147
337,Ostrovnoy,68.05,39.51,43.43,78,94,15.7,RU,1600193147
338,Krk,45.03,14.57,80.6,44,0,10.29,HR,1600193147
339,Riyadh,24.69,46.72,96.8,12,75,5.82,SA,1600193147
340,Matsudo,35.78,139.9,75.99,66,39,7.49,JP,1600193148
341,Maceió,-9.67,-35.74,82.4,61,40,11.41,BR,1600193148
342,Rāzām,18.47,83.67,79.25,88,43,1.72,IN,1600193148
343,Ada,43.42,-116.13,77.0,21,1,6.93,US,1600193064
344,Berlevåg,70.86,29.09,41.0,86,39,3.36,NO,1600193148
345,Río Gallegos,-51.62,-69.22,44.6,30,40,28.86,AR,1600193009
346,Mugumu,-1.85,34.7,73.18,45,75,3.22,TZ,1600192939
347,Lebanon,36.21,-86.29,80.01,69,1,3.89,US,1600193149
348,Petropavlovsk-Kamchatskiy,53.05,158.65,44.6,81,47,4.47,RU,1600193020
349,Roald,62.58,6.13,54.0,100,75,12.75,NO,1600193149
350,Marsabit,2.33,37.99,72.86,48,7,18.68,KE,1600193149
351,Kuybyshevskiy Zaton,55.16,49.17,48.2,81,61,11.18,RU,1600193150
352,Belawan,3.78,98.68,76.82,91,96,4.34,ID,1600193150
353,Priozyornoye,45.27,36.33,69.84,60,0,7.02,UA,1600193150
354,Sitka,57.05,-135.33,51.8,76,1,2.62,US,1600192943
355,Port Hardy,50.7,-127.42,60.8,77,90,10.29,CA,1600193150
356,Poso,-1.4,120.75,76.84,72,96,6.13,ID,1600193151
357,Xudat,41.63,48.68,69.03,73,20,4.74,AZ,1600193151
358,Mikuni,36.22,136.15,66.2,93,40,3.36,JP,1600193151
359,Heishan,41.69,122.11,65.61,90,100,12.91,CN,1600193151
360,Vila Velha,-20.33,-40.29,80.6,69,15,16.11,BR,1600193067
361,Beloha,-25.17,45.05,67.42,90,21,1.92,MG,1600193152
362,Broome,42.25,-75.83,63.0,47,20,4.7,US,1600193152
363,Vanavara,60.34,102.28,44.89,88,48,2.1,RU,1600193152
364,Lompoc,34.64,-120.46,57.2,93,90,3.36,US,1600193152
365,Eyl,7.98,49.82,78.71,77,11,18.03,SO,1600193153
366,Ancud,-41.87,-73.82,55.0,84,100,7.0,CL,1600193153
367,Vardø,70.37,31.11,42.8,87,20,2.24,NO,1600193153
368,Batticaloa,7.71,81.69,82.22,72,98,5.5,LK,1600193153
369,Mount Isa,-20.73,139.5,69.8,32,0,8.05,AU,1600193154
370,Gobabis,-22.45,18.97,69.69,21,5,17.2,NA,1600193154
371,Caravelas,-17.71,-39.25,80.51,65,20,9.17,BR,1600193154
372,Uyuni,-20.46,-66.83,47.95,58,100,17.18,BO,1600193154
373,Atasū,48.68,71.64,59.25,41,97,10.71,KZ,1600193154
374,Aykhal,66.0,111.5,46.4,81,34,2.24,RU,1600193155
375,Sivaki,52.63,126.75,47.3,84,32,2.59,RU,1600193155
376,Saint Anthony,45.02,-93.22,77.0,56,1,14.99,US,1600193155
377,Jalu,29.03,21.55,92.95,20,4,13.78,LY,1600193155
378,Doka,13.52,35.77,75.7,88,81,3.42,SD,1600193155
379,Ngunguru,-35.62,174.5,48.99,3,14,5.01,NZ,1600193156
380,Comodoro Rivadavia,-45.87,-67.5,57.2,35,40,12.75,AR,1600193018
381,Straumen,63.87,11.3,52.0,87,75,5.82,NO,1600193156
382,Sühbaatar,50.23,106.21,39.74,88,2,2.06,MN,1600193156
383,Teruel,40.67,-0.67,80.6,30,72,11.41,ES,1600193157
384,Ilulissat,69.22,-51.1,46.4,42,75,18.34,GL,1600193157
385,Srednekolymsk,67.45,153.68,41.92,88,100,8.52,RU,1600193157
386,Rio Grande,-32.03,-52.1,60.37,67,100,14.9,BR,1600193066
387,Sirsi,14.62,74.85,69.4,100,61,5.23,IN,1600193157
388,Lotoshino,56.23,35.64,47.7,83,10,7.54,RU,1600193158
389,Arrondissement de Saint-Denis,48.92,2.33,89.6,27,47,5.82,FR,1600193158
390,Tezu,27.92,96.17,74.97,86,100,3.04,IN,1600193158
391,Huaral,-11.49,-77.21,64.4,72,90,8.05,PE,1600193158
392,Betong,5.77,101.07,72.45,93,99,0.67,TH,1600193158
393,Kangaba,11.93,-8.42,84.4,71,5,1.68,ML,1600193159
394,Banting,2.82,101.5,77.0,83,20,5.82,MY,1600193159
395,Kashgar,39.45,75.98,68.0,42,0,4.47,CN,1600193159
396,Flin Flon,54.77,-101.86,46.4,75,90,6.93,CA,1600192908
397,Zinder,13.81,8.99,89.6,52,20,13.24,NE,1600193159
398,Galle,6.04,80.22,79.47,88,61,10.83,LK,1600193160
399,Beringovskiy,63.05,179.32,46.08,92,98,10.11,RU,1600193160
400,Rawson,-43.3,-65.1,54.16,41,3,19.8,AR,1600193160
401,Greystones,53.14,-6.06,71.01,82,32,3.62,IE,1600193160
402,Baturaja,-4.13,104.17,73.96,94,22,1.99,ID,1600193161
403,Vila Franca do Campo,37.72,-25.43,69.8,49,20,11.41,PT,1600193161
404,Colotlán,22.1,-103.27,75.27,58,51,5.66,MX,1600193161
405,Poltavka,54.37,71.76,55.69,82,100,10.65,RU,1600193161
406,Tipperary,52.47,-8.16,66.0,86,40,4.0,IE,1600193162
407,Jumla,29.27,82.18,59.63,68,100,0.6,NP,1600193162
408,Shahr-e Kord,32.33,50.86,66.2,25,20,4.7,IR,1600193162
409,Muli,2.92,73.57,82.26,79,91,9.75,MV,1600193162
410,Trincomalee,8.57,81.23,81.95,77,100,16.35,LK,1600193162
411,Hsinchu,24.8,120.97,80.01,86,31,1.5,TW,1600193163
412,Kāmalāpuram,14.58,78.65,78.57,78,49,5.61,IN,1600193163
413,Arivonimamo,-19.02,47.18,60.8,77,20,10.29,MG,1600193163
414,Tigil',57.8,158.67,44.76,95,100,6.58,RU,1600193163
415,Warkworth,-36.4,174.67,55.99,89,5,3.0,NZ,1600193164
416,Lishui,28.46,119.91,73.54,89,84,1.97,CN,1600193164
417,Lázaro Cárdenas,17.96,-102.2,82.04,78,98,2.46,MX,1600193164
418,Slavyanka,42.86,131.38,57.63,86,88,1.25,RU,1600193164
419,Lavrentiya,65.58,-171.0,44.08,96,100,13.31,RU,1600193165
420,Nelson Bay,-32.72,152.15,62.01,100,1,5.82,AU,1600193165
421,Auki,-8.77,160.7,77.45,82,100,4.0,SB,1600193165
422,Écully,45.78,4.77,86.0,35,0,5.82,FR,1600193165
423,Marsá Maţrūḩ,31.35,27.25,78.8,74,40,10.29,EG,1600193166
424,Awjilah,29.11,21.29,94.39,19,27,13.96,LY,1600193166
425,Talara,-4.58,-81.27,77.0,61,62,14.99,PE,1600193166
426,Graaff-Reinet,-32.25,24.53,57.0,46,100,1.01,ZA,1600193166
427,Montepuez,-13.13,39.0,75.61,58,80,9.57,MZ,1600193166
428,Pran Buri,12.38,99.91,78.46,84,92,7.56,TH,1600193167
429,Labuhan,-6.88,112.21,76.84,75,29,7.87,ID,1600193167
430,Honiara,-9.43,159.95,75.2,100,90,4.7,SB,1600193167
431,Jobner,26.97,75.38,87.8,52,40,2.24,IN,1600193167
432,Hātod,22.8,75.73,74.82,93,100,7.14,IN,1600193168
433,Begusarai,25.42,86.13,80.71,84,99,7.65,IN,1600193168
434,Cockburn Town,21.46,-71.14,86.0,74,40,8.05,TC,1600193168
435,Yarensk,62.17,49.09,43.72,95,98,5.99,RU,1600193168
436,Hasilpur,29.71,72.56,92.64,28,66,5.93,PK,1600193168
437,Ahlat,38.75,42.48,66.51,28,0,3.36,TR,1600193169
438,Paracatu,-17.22,-46.87,92.97,12,0,10.25,BR,1600193169
439,Tabuk,17.42,121.44,74.26,88,100,1.95,PH,1600193169
440,Sabang,5.89,95.32,83.3,74,95,18.34,ID,1600193169
441,Kirovskiy,45.09,133.51,56.48,96,97,1.03,RU,1600193170
442,Tarakan,3.3,117.63,80.74,79,100,9.42,ID,1600193170
443,Drovyanaya,51.58,113.03,39.2,100,66,4.47,RU,1600193170
444,Provideniya,64.38,-173.3,45.61,91,95,11.43,RU,1600193170
445,Ilhabela,-23.78,-45.36,68.94,77,96,5.37,BR,1600193171
446,Dawei,14.08,98.2,77.47,89,96,3.69,MM,1600193171
447,Khovd,48.01,91.64,48.83,48,23,1.3,MN,1600193171
448,Pasni,25.26,63.47,83.12,70,64,11.59,PK,1600193172
449,Fairview,40.81,-74.0,68.0,48,1,5.82,US,1600192934
450,Edson,53.58,-116.44,44.6,93,100,4.74,CA,1600193173
451,Amahai,-3.33,128.92,75.42,84,72,2.55,ID,1600193173
452,Gijang,35.24,129.21,71.6,78,75,4.7,KR,1600193173
453,Sosnogorsk,63.6,53.88,43.99,95,62,3.15,RU,1600193173
454,Kavaratti,10.57,72.64,81.61,81,22,17.69,IN,1600193174
455,Labytnangi,66.66,66.42,46.18,93,84,3.15,RU,1600193174
456,Hamilton,39.18,-84.53,73.99,56,1,5.82,US,1600193117
457,Kochi,9.94,76.26,78.8,94,40,4.21,IN,1600193174
458,Banjar,-8.19,114.97,78.8,100,40,3.36,ID,1600193174
459,Abbeville,50.1,1.83,75.99,69,75,6.8,FR,1600193175
460,Troitsko-Pechorsk,62.71,56.2,47.44,93,100,5.57,RU,1600193175
461,Shawinigan,46.57,-72.75,53.6,54,90,4.7,CA,1600192886
462,Mumford,5.26,-0.76,75.87,87,53,14.63,GH,1600193175
463,Rocha,-34.48,-54.33,60.6,51,0,6.55,UY,1600193176
464,Lebedinyy,58.52,125.52,40.82,83,100,4.23,RU,1600193176
465,Zhigansk,66.77,123.37,41.9,89,4,7.96,RU,1600193176
466,Plettenberg Bay,-34.05,23.37,54.32,76,12,3.47,ZA,1600192881
467,Wattegama,6.8,81.48,79.16,73,96,7.58,LK,1600193177
468,Hay River,60.82,-115.8,39.2,55,75,9.17,CA,1600192975
469,Izumo,35.37,132.77,69.8,88,75,2.24,JP,1600193177
470,Waingapu,-9.66,120.26,73.83,82,86,8.77,ID,1600193019
471,Pitimbu,-7.47,-34.81,82.4,65,40,16.11,BR,1600193177
472,Prince Rupert,54.32,-130.32,55.4,93,1,1.48,CA,1600193178
473,Saint-Augustin,51.23,-58.65,55.42,40,46,21.39,CA,1600193178
474,Ingham,42.6,-84.38,69.01,60,1,6.93,US,1600193178
475,Palekastro,35.2,26.25,79.0,68,0,11.01,GR,1600193178
476,Carutapera,-1.2,-46.02,85.03,65,63,12.37,BR,1600193179
477,Pimentel,-6.84,-79.93,71.6,60,41,10.29,PE,1600193179
478,Kibala,9.11,18.35,86.0,66,20,1.97,TD,1600193179
479,Port Macquarie,-31.43,152.92,54.0,96,60,8.05,AU,1600193179
480,General Roca,-39.03,-67.58,68.0,32,100,11.41,AR,1600193076
481,Tilichiki,60.47,166.1,37.24,94,21,5.39,RU,1600193180
482,Giddarbāha,30.2,74.67,85.93,36,36,2.44,IN,1600193180
483,Birin,26.89,88.07,78.8,94,90,5.82,NP,1600193180
484,Yuxia,34.06,108.63,72.0,93,19,2.24,CN,1600193181
485,Xai-Xai,-25.05,33.64,71.19,91,0,9.33,MZ,1600193181
486,Kayerkan,69.35,87.76,53.6,76,98,13.42,RU,1600193181
487,Natá,8.33,-80.52,87.8,74,40,6.93,PA,1600193181
488,Hutchinson,38.06,-97.93,79.0,60,20,5.82,US,1600192968
489,Camacha,33.08,-16.33,75.2,69,20,6.93,PT,1600193182
490,Anamur,36.08,32.84,82.4,83,20,3.36,TR,1600193182
491,Tanete,-3.94,119.78,73.35,81,42,6.58,ID,1600193182
492,Øksfjord,70.24,22.35,48.2,87,75,1.12,NO,1600193183
493,Acandí,8.51,-77.28,87.44,65,88,3.56,CO,1600193183
494,Vysokogornyy,50.12,139.15,52.7,91,99,1.88,RU,1600193183
495,Bethalto,38.91,-90.04,78.01,69,5,6.93,US,1600193183
496,Presidencia Roque Sáenz Peña,-26.79,-60.44,72.19,39,100,6.53,AR,1600193184
497,Pokhara,28.23,83.98,70.16,77,84,2.35,NP,1600193184
498,Gisborne,-38.65,178.0,53.01,54,15,4.0,NZ,1600193184
499,Oriximiná,-1.77,-55.87,98.26,28,55,7.4,BR,1600193184
500,Kununurra,-15.77,128.73,71.6,68,67,7.67,AU,1600193184
501,Sur,22.57,59.53,82.2,65,99,9.26,OM,1600193185
502,Escanaba,45.75,-87.06,68.0,77,1,13.87,US,1600193185
503,Tual,-5.67,132.75,78.48,82,91,15.59,ID,1600193185
504,Cape Coast,5.11,-1.25,75.87,87,58,15.01,GH,1600193185
505,Nantucket,41.28,-70.1,64.4,52,20,16.11,US,1600192970
506,Chapais,49.78,-74.85,48.2,70,90,11.41,CA,1600193186
507,George Town,5.41,100.34,78.8,88,20,4.21,MY,1600193186
508,Moses Lake,47.13,-119.28,69.8,48,90,3.36,US,1600193186
509,Nanyamba,-10.68,39.83,68.27,94,12,4.47,TZ,1600193186
510,Puerto Escondido,15.85,-97.07,86.0,62,40,4.7,MX,1600193187
511,Gouré,13.98,10.27,88.0,54,100,5.21,NE,1600193187
512,Raudeberg,61.99,5.14,55.99,96,100,18.21,NO,1600193187
513,Mormugao,15.4,73.8,78.8,94,75,3.36,IN,1600193187
514,Mogadishu,2.04,45.34,77.94,85,9,17.0,SO,1600193126
515,Xining,36.62,101.77,48.97,62,45,0.11,CN,1600193188
516,Manoel Urbano,-8.84,-69.26,96.62,37,88,3.33,BR,1600193188
517,Naantali,60.47,22.02,55.99,93,97,1.12,FI,1600193188
518,Dingle,11.0,122.67,75.67,95,100,4.61,PH,1600193189
519,Muravlenko,63.79,74.52,51.6,85,98,11.32,RU,1600193189
520,Tura,25.52,90.22,73.62,97,98,3.18,IN,1600193189
521,Simpang,-1.27,104.08,75.22,96,94,2.59,ID,1600193189
522,Yakeshi,49.28,120.73,49.5,69,100,7.52,CN,1600192908
523,Pangdan,10.23,123.74,78.8,88,90,6.93,PH,1600193190
524,Timizart,36.8,4.27,75.65,62,55,5.82,DZ,1600193190
525,Yar-Sale,66.83,70.83,51.33,92,100,6.64,RU,1600193190
526,Pacifica,37.61,-122.49,68.0,72,20,5.82,US,1600193190
527,Kalemie,-5.95,29.19,77.59,53,1,3.0,CD,1600193191
528,Yangi Marg`ilon,40.43,71.72,66.2,42,0,4.7,UZ,1600193191
529,Belen,36.49,36.22,82.4,78,0,16.11,TR,1600193191
530,Guaratinga,-16.57,-39.57,80.6,69,40,14.99,BR,1600193191
531,Markova,48.68,24.41,61.54,77,21,3.76,UA,1600193192
532,Sung Noen,14.9,101.82,76.84,85,91,3.44,TH,1600193192
533,Viedma,-40.81,-63.0,66.0,38,57,5.99,AR,1600193192
534,Mayo,38.89,-76.51,69.01,55,1,8.05,US,1600193193
535,Matara,5.95,80.54,78.21,89,41,8.68,LK,1600193193
536,Chumikan,54.72,135.31,54.45,88,97,3.02,RU,1600193193
537,Belaya Kholunitsa,58.84,50.85,42.85,96,96,5.68,RU,1600193193
538,Feltre,46.02,11.91,75.99,76,5,9.17,IT,1600193193
539,Bonavista,48.65,-53.11,56.97,56,8,13.38,CA,1600193194
540,Lingyuan,41.24,119.4,52.38,87,5,5.48,CN,1600193194
541,Alberton,46.82,-64.07,55.99,50,1,10.29,CA,1600193194
542,Ontario,34.06,-117.65,89.01,30,1,2.51,US,1600193105
543,Ambilobe,-13.2,49.05,74.28,68,60,6.29,MG,1600193194
544,Mandalgovi,45.76,106.27,37.56,78,0,12.95,MN,1600193195
545,Baghdad,33.34,44.4,95.0,20,0,5.82,IQ,1600193195
546,Limbang,4.75,115.0,77.0,94,75,2.24,MY,1600193195
547,Bairnsdale,-37.83,147.62,37.0,96,51,3.2,AU,1600193196
548,Northam,51.03,-4.22,63.0,95,70,5.01,GB,1600193196
549,Santa Elena,-2.23,-80.85,73.4,83,75,9.17,EC,1600193196
550,Kendari,-3.94,122.5,70.09,89,43,3.31,ID,1600193196
551,Letlhakeng,-24.09,25.03,72.84,19,73,6.6,BW,1600193196
552,São Francisco de Assis,-29.55,-55.13,59.43,71,100,13.02,BR,1600193197
553,Dubinino,55.62,89.09,49.64,81,99,5.86,RU,1600193197
554,The Valley,18.22,-63.06,91.4,66,20,14.99,AI,1600193197
555,Trairi,-3.28,-39.27,84.76,54,50,18.37,BR,1600193198
